73371345	http://www.douban.com/people/73371345/
51094658	http://www.douban.com/people/51094658/
3752516	http://www.douban.com/people/3752516/
imsophiama	http://www.douban.com/people/imsophiama/
1898022	http://www.douban.com/people/1898022/
55803883	http://www.douban.com/people/55803883/
58214884	http://www.douban.com/people/58214884/
3154373	http://www.douban.com/people/3154373/
124771765	http://www.douban.com/people/124771765/
54756616	http://www.douban.com/people/54756616/
3376956	http://www.douban.com/people/3376956/
63822026	http://www.douban.com/people/63822026/
mengqingjiao	http://www.douban.com/people/mengqingjiao/
54838799	http://www.douban.com/people/54838799/
89829356	http://www.douban.com/people/89829356/
120900030	http://www.douban.com/people/120900030/
grayfoxever	http://www.douban.com/people/grayfoxever/
69066282	http://www.douban.com/people/69066282/
tr-oo	http://www.douban.com/people/tr-oo/
suhen	http://www.douban.com/people/suhen/
mmmint	http://www.douban.com/people/mmmint/
65239904	http://www.douban.com/people/65239904/
amenlovesle	http://www.douban.com/people/amenlovesle/
66578884	http://www.douban.com/people/66578884/
eededfcd	http://www.douban.com/people/eededfcd/
73547534	http://www.douban.com/people/73547534/
cdsunshine	http://www.douban.com/people/cdsunshine/
131523305	http://www.douban.com/people/131523305/
smileuna	http://www.douban.com/people/smileuna/
2724030	http://www.douban.com/people/2724030/
2314913	http://www.douban.com/people/2314913/
45998309	http://www.douban.com/people/45998309/
57282253	http://www.douban.com/people/57282253/
mavis-k	http://www.douban.com/people/mavis-k/
43070533	http://www.douban.com/people/43070533/
41305702	http://www.douban.com/people/41305702/
44644203	http://www.douban.com/people/44644203/
mikiwdy	http://www.douban.com/people/mikiwdy/
4366766	http://www.douban.com/people/4366766/
yalindongdong	http://www.douban.com/people/yalindongdong/
75555205	http://www.douban.com/people/75555205/
76690602	http://www.douban.com/people/76690602/
1678343	http://www.douban.com/people/1678343/
gravity-sjc	http://www.douban.com/people/gravity-sjc/
53715801	http://www.douban.com/people/53715801/
LittleWoodField	http://www.douban.com/people/LittleWoodField/
Christin420	http://www.douban.com/people/Christin420/
fzlinyanxia	http://www.douban.com/people/fzlinyanxia/
nailuoyitai	http://www.douban.com/people/nailuoyitai/
karizchancy	http://www.douban.com/people/karizchancy/
jungjay	http://www.douban.com/people/jungjay/
33907205	http://www.douban.com/people/33907205/
LINGFANFAN	http://www.douban.com/people/LINGFANFAN/
73297747	http://www.douban.com/people/73297747/
52604916	http://www.douban.com/people/52604916/
69195410	http://www.douban.com/people/69195410/
sby37	http://www.douban.com/people/sby37/
JaceJing	http://www.douban.com/people/JaceJing/
susuger	http://www.douban.com/people/susuger/
old-playboy	http://www.douban.com/people/old-playboy/
105737828	http://www.douban.com/people/105737828/
1072364	http://www.douban.com/people/1072364/
69133855	http://www.douban.com/people/69133855/
132922796	http://www.douban.com/people/132922796/
65438741	http://www.douban.com/people/65438741/
108344319	http://www.douban.com/people/108344319/
95645232	http://www.douban.com/people/95645232/
4467348	http://www.douban.com/people/4467348/
68830359	http://www.douban.com/people/68830359/
80060306	http://www.douban.com/people/80060306/
4684824	http://www.douban.com/people/4684824/
77121969	http://www.douban.com/people/77121969/
hichai	http://www.douban.com/people/hichai/
51329457	http://www.douban.com/people/51329457/
73670110	http://www.douban.com/people/73670110/
ndcharles	http://www.douban.com/people/ndcharles/
rebirthofmyself	http://www.douban.com/people/rebirthofmyself/
61128729	http://www.douban.com/people/61128729/
48258374	http://www.douban.com/people/48258374/
3674593	http://www.douban.com/people/3674593/
37853906	http://www.douban.com/people/37853906/
38923911	http://www.douban.com/people/38923911/
44542969	http://www.douban.com/people/44542969/
54005774	http://www.douban.com/people/54005774/
43468449	http://www.douban.com/people/43468449/
52933079	http://www.douban.com/people/52933079/
92392303	http://www.douban.com/people/92392303/
63208012	http://www.douban.com/people/63208012/
TrendAnalysis	http://www.douban.com/people/TrendAnalysis/
63600517	http://www.douban.com/people/63600517/
4125739	http://www.douban.com/people/4125739/
54739431	http://www.douban.com/people/54739431/
10503526	http://www.douban.com/people/10503526/
gmrxfx	http://www.douban.com/people/gmrxfx/
50011201	http://www.douban.com/people/50011201/
wryheart	http://www.douban.com/people/wryheart/
49216647	http://www.douban.com/people/49216647/
15181941	http://www.douban.com/people/15181941/
47605443	http://www.douban.com/people/47605443/
58278187	http://www.douban.com/people/58278187/
1511195	http://www.douban.com/people/1511195/
53316539	http://www.douban.com/people/53316539/
50677372	http://www.douban.com/people/50677372/
83217907	http://www.douban.com/people/83217907/
ivory_wang	http://www.douban.com/people/ivory_wang/
GERNAZI	http://www.douban.com/people/GERNAZI/
62340253	http://www.douban.com/people/62340253/
33139664	http://www.douban.com/people/33139664/
foreverwait	http://www.douban.com/people/foreverwait/
gagakrron	http://www.douban.com/people/gagakrron/
mirandy	http://www.douban.com/people/mirandy/
54858712	http://www.douban.com/people/54858712/
49937909	http://www.douban.com/people/49937909/
glacierzl	http://www.douban.com/people/glacierzl/
70401181	http://www.douban.com/people/70401181/
newarland	http://www.douban.com/people/newarland/
65159526	http://www.douban.com/people/65159526/
cherub235	http://www.douban.com/people/cherub235/
58290785	http://www.douban.com/people/58290785/
12493518	http://www.douban.com/people/12493518/
imba001	http://www.douban.com/people/imba001/
66214833	http://www.douban.com/people/66214833/
1738411	http://www.douban.com/people/1738411/
41036146	http://www.douban.com/people/41036146/
butcher09	http://www.douban.com/people/butcher09/
53829796	http://www.douban.com/people/53829796/
47212439	http://www.douban.com/people/47212439/
66564260	http://www.douban.com/people/66564260/
4034080	http://www.douban.com/people/4034080/
1992974	http://www.douban.com/people/1992974/
58956237	http://www.douban.com/people/58956237/
swwol32	http://www.douban.com/people/swwol32/
2988491	http://www.douban.com/people/2988491/
79059134	http://www.douban.com/people/79059134/
woodsheep	http://www.douban.com/people/woodsheep/
34978966	http://www.douban.com/people/34978966/
56958399	http://www.douban.com/people/56958399/
43798313	http://www.douban.com/people/43798313/
elbis	http://www.douban.com/people/elbis/
47247066	http://www.douban.com/people/47247066/
119120514	http://www.douban.com/people/119120514/
52678995	http://www.douban.com/people/52678995/
kitlo	http://www.douban.com/people/kitlo/
Sigrid_Lu	http://www.douban.com/people/Sigrid_Lu/
mycio	http://www.douban.com/people/mycio/
tt1426	http://www.douban.com/people/tt1426/
84641449	http://www.douban.com/people/84641449/
Jones1986	http://www.douban.com/people/Jones1986/
Scorpio_lxs	http://www.douban.com/people/Scorpio_lxs/
1356234	http://www.douban.com/people/1356234/
2342122	http://www.douban.com/people/2342122/
53694696	http://www.douban.com/people/53694696/
58846797	http://www.douban.com/people/58846797/
2620783	http://www.douban.com/people/2620783/
61698998	http://www.douban.com/people/61698998/
yjjtdcq200	http://www.douban.com/people/yjjtdcq200/
riniatan	http://www.douban.com/people/riniatan/
50820623	http://www.douban.com/people/50820623/
yushi	http://www.douban.com/people/yushi/
128991169	http://www.douban.com/people/128991169/
tata123	http://www.douban.com/people/tata123/
m.a.x	http://www.douban.com/people/m.a.x/
52277812	http://www.douban.com/people/52277812/
53290153	http://www.douban.com/people/53290153/
nicdone	http://www.douban.com/people/nicdone/
wowwowwow	http://www.douban.com/people/wowwowwow/
132340960	http://www.douban.com/people/132340960/
49893874	http://www.douban.com/people/49893874/
badriver	http://www.douban.com/people/badriver/
85451111	http://www.douban.com/people/85451111/
zhai5flowers	http://www.douban.com/people/zhai5flowers/
tuirt	http://www.douban.com/people/tuirt/
36446265	http://www.douban.com/people/36446265/
Green_chestnut	http://www.douban.com/people/Green_chestnut/
mrsheep	http://www.douban.com/people/mrsheep/
cherrywoodpig	http://www.douban.com/people/cherrywoodpig/
130416492	http://www.douban.com/people/130416492/
newbear	http://www.douban.com/people/newbear/
67586472	http://www.douban.com/people/67586472/
vier	http://www.douban.com/people/vier/
75086193	http://www.douban.com/people/75086193/
97187423	http://www.douban.com/people/97187423/
zxl321	http://www.douban.com/people/zxl321/
caocaoa	http://www.douban.com/people/caocaoa/
1762955	http://www.douban.com/people/1762955/
60016523	http://www.douban.com/people/60016523/
57258833	http://www.douban.com/people/57258833/
atscu	http://www.douban.com/people/atscu/
LunaSunny	http://www.douban.com/people/LunaSunny/
Yorke	http://www.douban.com/people/Yorke/
103013240	http://www.douban.com/people/103013240/
53508972	http://www.douban.com/people/53508972/
45497338	http://www.douban.com/people/45497338/
45385225	http://www.douban.com/people/45385225/
47581758	http://www.douban.com/people/47581758/
2114656	http://www.douban.com/people/2114656/
wesley007	http://www.douban.com/people/wesley007/
36537385	http://www.douban.com/people/36537385/
78644189	http://www.douban.com/people/78644189/
68420935	http://www.douban.com/people/68420935/
